arm,reference,median_ratio_arm_over_ref,ratio_ci_lo,ratio_ci_hi,mannwhitney_p,cliffs_delta
jvm_onnx_inprocess,py_onnxruntime,1.3026,1.2802,1.3244,0.0,0.6569
jvm_rest_waitress_onnx,py_onnxruntime,33.2456,32.0524,34.7261,0.0,0.9996
jvm_rest_waitress_sklearn,py_onnxruntime,202.5044,198.4073,206.738,0.0,1.0
jvm_smile_inprocess,py_onnxruntime,0.6053,0.5895,0.6228,0.0,-0.7483
py_sklearn_njobs1,py_onnxruntime,174.2105,170.3426,177.4803,0.0,1.0
py_sklearn_njobsall,py_onnxruntime,943.6513,761.6822,1200.4403,0.0,1.0
rest_flaskdev_njobsall_nokeepalive,py_onnxruntime,2123.8333,2030.3544,2208.9825,0.0,1.0
rest_waitress_onnx_keepalive,py_onnxruntime,41.3596,40.5751,42.0312,0.0,1.0
rest_waitress_sklearn_keepalive,py_onnxruntime,201.0197,197.2401,204.0822,0.0,1.0
rest_waitress_sklearn_nokeepalive,py_onnxruntime,222.614,218.5195,225.8125,0.0,1.0
