arm,n,mean_us,sd_us,median_us,median_ci_lo,median_ci_hi,p95_us,p99_us,p99_ci_lo,p99_ci_hi,p99.9_us,min_us,max_us,cv
jvm_onnx_inprocess,5000,32.77,16.03,29.7,29.6,30.0,46.11,59.3,53.1,66.7,173.52,23.4,752.9,0.49
jvm_rest_waitress_onnx,5000,1014.23,795.27,758.0,732.55,789.21,2451.52,3421.97,2941.7,4317.1,7572.62,537.7,22071.3,0.78
jvm_rest_waitress_sklearn,5000,5424.12,1975.84,4617.1,4564.4,4688.6,9295.15,12507.81,11158.4,14068.2,16906.43,3820.0,48853.9,0.36
jvm_smile_inprocess,5000,15.24,8.1,13.8,13.5,14.1,28.2,37.5,34.3,40.0,94.01,4.4,159.7,0.53
py_onnxruntime,5000,26.15,21.67,22.8,22.5,23.2,36.51,59.3,45.4,82.4,307.2,16.9,809.3,0.83
py_sklearn_njobs1,5000,4636.29,2939.49,3972.0,3925.78,4027.46,7769.99,12216.73,10459.66,13854.0,46286.26,3177.3,78311.7,0.63
py_sklearn_njobsall,5000,24902.69,13824.55,21515.25,17362.29,27336.79,38129.02,72546.09,53235.92,87872.2,174510.18,14267.0,351430.4,0.56
rest_flaskdev_njobsall_nokeepalive,5000,45705.35,23178.65,48423.4,46511.9,50269.16,67962.9,76379.3,75012.16,79880.8,113650.24,17112.0,988528.7,0.51
rest_waitress_onnx_keepalive,5000,1073.18,1122.14,943.0,937.0,952.55,1478.69,2271.07,1774.91,2641.41,6652.73,860.9,58510.3,1.05
rest_waitress_sklearn_keepalive,5000,4995.91,1576.19,4583.25,4551.9,4619.3,7774.2,9779.51,9431.47,10217.4,13683.66,4000.6,68312.2,0.32
rest_waitress_sklearn_nokeepalive,5000,6705.43,5260.86,5075.6,5051.69,5112.6,15245.76,33373.09,31605.18,35892.6,41107.24,4429.8,46072.3,0.78
